wheat_type_id,period,required_tons,avg_cost,scenario_id
WT001,2020-01,23654.89,945.0,base
WT004,2020-01,6787.88,803.25,base
WT002,2020-01,17680.48,869.4,base
WT005,2020-01,11403.02,831.6,base
WT003,2020-01,1220.94,1181.25,base
WT003,2020-02,1157.47,1181.25,base
WT005,2020-02,10959.8,831.6,base
WT004,2020-02,6483.35,803.25,base
WT002,2020-02,16952.59,869.4,base
WT001,2020-02,22725.51,945.0,base
WT003,2020-03,1274.72,1181.25,base
WT001,2020-03,24964.77,945.0,base
WT002,2020-03,18677.71,869.4,base
WT005,2020-03,12005.99,831.6,base
WT004,2020-03,7148.6900000000005,803.25,base
WT001,2020-04,26016.81,945.0,base
WT005,2020-04,12808.46,831.6,base
WT003,2020-04,1291.0,1181.25,base
WT002,2020-04,19434.34,869.4,base
WT004,2020-04,7499.53,803.25,base
WT005,2020-05,15658.97,831.6,base
WT003,2020-05,1423.64,1181.25,base
WT001,2020-05,30548.91,945.0,base
WT004,2020-05,8800.9,803.25,base
WT002,2020-05,22675.34,869.4,base
WT003,2020-06,1185.84,1181.25,base
WT005,2020-06,11099.24,831.6,base
WT002,2020-06,17100.94,869.4,base
WT001,2020-06,22943.61,945.0,base
WT004,2020-06,6574.53,803.25,base
WT004,2020-07,8493.16,803.25,base
WT005,2020-07,13759.52,831.6,base
WT001,2020-07,28492.2,945.0,base
WT003,2020-07,1449.97,1181.25,base
WT002,2020-07,21077.07,869.4,base
WT002,2020-08,16506.96,869.4,base
WT003,2020-08,1132.01,1181.25,base
WT004,2020-08,6345.4800000000005,803.25,base
WT001,2020-08,22059.12,945.0,base
WT005,2020-08,10624.73,831.6,base
WT004,2020-09,5998.27,803.25,base
WT005,2020-09,10085.86,831.6,base
WT002,2020-09,15661.12,869.4,base
WT001,2020-09,20948.06,945.0,base
WT003,2020-09,1077.54,1181.25,base
WT001,2020-10,21527.67,945.0,base
WT003,2020-10,1121.08,1181.25,base
WT005,2020-10,10389.34,831.6,base
WT004,2020-10,6161.07,803.25,base
WT002,2020-10,16068.24,869.4,base
WT002,2020-11,16111.58,869.4,base
WT003,2020-11,1111.05,1181.25,base
WT004,2020-11,6211.87,803.25,base
WT001,2020-11,21520.17,945.0,base
WT005,2020-11,10372.16,831.6,base
WT001,2020-12,23069.53,945.0,base
WT003,2020-12,1189.48,1181.25,base
WT002,2020-12,17256.29,869.4,base
WT005,2020-12,11123.53,831.6,base
WT004,2020-12,6644.02,803.25,base
WT003,2021-01,1212.67,1443.75,base
WT004,2021-01,6840.71,981.75,base
WT002,2021-01,17914.19,1062.6,base
WT001,2021-01,23990.6,1155.0,base
WT005,2021-01,11549.71,1016.4,base
WT001,2021-02,22599.19,1155.0,base
WT003,2021-02,1163.11,1443.75,base
WT005,2021-02,10880.35,1016.4,base
WT002,2021-02,16882.81,1062.6,base
WT004,2021-02,6451.47,981.75,base
WT005,2021-03,12340.55,1016.4,base
WT004,2021-03,7320.02,981.75,base
WT002,2021-03,19121.58,1062.6,base
WT001,2021-03,25606.96,1155.0,base
WT003,2021-03,1303.89,1443.75,base
WT004,2021-04,8536.38,981.75,base
WT001,2021-04,29549.8,1155.0,base
WT002,2021-04,21990.67,1062.6,base
WT003,2021-04,1382.45,1443.75,base
WT005,2021-04,14983.7,1016.4,base
WT005,2021-05,14171.32,1016.4,base
WT003,2021-05,1397.03,1443.75,base
WT004,2021-05,8223.39,981.75,base
WT001,2021-05,28362.66,1155.0,base
WT002,2021-05,21161.15,1062.6,base
WT004,2021-06,6751.5,981.75,base
WT001,2021-06,23591.24,1155.0,base
WT005,2021-06,11377.81,1016.4,base
WT002,2021-06,17613.55,1062.6,base
WT003,2021-06,1209.55,1443.75,base
WT001,2021-07,29079.13,1155.0,base
WT002,2021-07,21479.01,1062.6,base
WT004,2021-07,8663.53,981.75,base
WT003,2021-07,1502.75,1443.75,base
WT005,2021-07,14072.47,1016.4,base
WT004,2021-08,6498.93,981.75,base
WT003,2021-08,1168.83,1443.75,base
WT001,2021-08,22732.73,1155.0,base
WT005,2021-08,11002.65,1016.4,base
WT002,2021-08,16926.73,1062.6,base
WT001,2021-09,21564.19,1155.0,base
WT002,2021-09,16135.26,1062.6,base
WT003,2021-09,1096.2,1443.75,base
WT004,2021-09,6187.61,981.75,base
WT005,2021-09,10376.26,1016.4,base
WT003,2021-10,1135.54,1443.75,base
WT002,2021-10,16552.48,1062.6,base
WT004,2021-10,6365.85,981.75,base
WT005,2021-10,10659.15,1016.4,base
WT001,2021-10,22123.38,1155.0,base
WT002,2021-11,16423.06,1062.6,base
WT005,2021-11,10604.56,1016.4,base
WT001,2021-11,21981.11,1155.0,base
WT004,2021-11,6310.75,981.75,base
WT003,2021-11,1137.7,1443.75,base
WT003,2021-12,1205.81,1443.75,base
WT004,2021-12,6800.13,981.75,base
WT002,2021-12,17708.61,1062.6,base
WT005,2021-12,11429.5,1016.4,base
WT001,2021-12,23702.41,1155.0,base
WT005,2022-01,11822.27,1293.6,base
WT004,2022-01,7093.45,1249.5,base
WT003,2022-01,1251.05,1837.5,base
WT002,2022-01,18317.1,1352.4,base
WT001,2022-01,24478.14,1470.0,base
WT003,2022-02,1186.49,1837.5,base
WT001,2022-02,23105.13,1470.0,base
WT005,2022-02,11154.17,1293.6,base
WT004,2022-02,6637.58,1249.5,base
WT002,2022-02,17256.36,1352.4,base
WT002,2022-03,19555.53,1352.4,base
WT004,2022-03,7545.74,1249.5,base
WT001,2022-03,26191.91,1470.0,base
WT005,2022-03,12662.19,1293.6,base
WT003,2022-03,1334.23,1837.5,base
WT005,2022-04,17380.63,1293.6,base
WT001,2022-04,33445.93,1470.0,base
WT004,2022-04,9664.41,1249.5,base
WT003,2022-04,1514.97,1837.5,base
WT002,2022-04,24791.89,1352.4,base
WT005,2022-05,12593.21,1293.6,base
WT001,2022-05,26043.18,1470.0,base
WT004,2022-05,7464.74,1249.5,base
WT002,2022-05,19452.59,1352.4,base
WT003,2022-05,1329.89,1837.5,base
WT003,2022-06,1238.2,1837.5,base
WT004,2022-06,6945.6,1249.5,base
WT001,2022-06,24126.6,1470.0,base
WT002,2022-06,18036.3,1352.4,base
WT005,2022-06,11640.51,1293.6,base
WT002,2022-07,22118.52,1352.4,base
WT005,2022-07,14414.3,1293.6,base
WT001,2022-07,29853.86,1470.0,base
WT004,2022-07,8933.01,1249.5,base
WT003,2022-07,1561.77,1837.5,base
WT003,2022-08,1193.11,1837.5,base
WT004,2022-08,6678.52,1249.5,base
WT005,2022-08,11249.39,1293.6,base
WT001,2022-08,23355.86,1470.0,base
WT002,2022-08,17449.3,1352.4,base
WT002,2022-09,16395.77,1352.4,base
WT005,2022-09,10577.79,1293.6,base
WT004,2022-09,6323.25,1249.5,base
WT001,2022-09,21921.41,1470.0,base
WT003,2022-09,1130.45,1837.5,base
WT002,2022-10,16959.72,1352.4,base
WT001,2022-10,22699.5,1470.0,base
WT005,2022-10,10951.39,1293.6,base
WT004,2022-10,6518.96,1249.5,base
WT003,2022-10,1167.04,1837.5,base
WT005,2022-11,10908.32,1293.6,base
WT004,2022-11,6485.83,1249.5,base
WT003,2022-11,1164.31,1837.5,base
WT001,2022-11,22625.64,1470.0,base
WT002,2022-11,16904.48,1352.4,base
WT005,2022-12,11635.17,1293.6,base
WT003,2022-12,1245.16,1837.5,base
WT002,2022-12,18053.86,1352.4,base
WT004,2022-12,6940.26,1249.5,base
WT001,2022-12,24140.1,1470.0,base
WT002,2023-01,18905.06,1033.62,base
WT004,2023-01,7273.42,954.98,base
WT003,2023-01,1283.41,1404.38,base
WT001,2023-01,25245.85,1123.5,base
WT005,2023-01,12152.55,988.68,base
WT001,2023-02,23701.26,1123.5,base
WT002,2023-02,17721.43,1033.62,base
WT005,2023-02,11394.39,988.68,base
WT003,2023-02,1207.61,1404.38,base
WT004,2023-02,6765.09,954.98,base
WT003,2023-03,1435.89,1404.38,base
WT002,2023-03,22056.48,1033.62,base
WT004,2023-03,8503.15,954.98,base
WT001,2023-03,29588.59,1123.5,base
WT005,2023-03,14654.05,988.68,base
WT005,2023-04,16316.96,988.68,base
WT004,2023-04,9235.22,954.98,base
WT003,2023-04,1490.25,1404.38,base
WT002,2023-04,23794.98,1033.62,base
WT001,2023-04,31978.0,1123.5,base
WT004,2023-05,7603.79,954.98,base
WT003,2023-05,1360.53,1404.38,base
WT002,2023-05,19840.72,1033.62,base
WT005,2023-05,12774.35,988.68,base
WT001,2023-05,26532.97,1123.5,base
WT002,2023-06,22858.42,1033.62,base
WT005,2023-06,14961.15,988.68,base
WT004,2023-06,9239.46,954.98,base
WT001,2023-06,30920.13,1123.5,base
WT003,2023-06,1590.67,1404.38,base
WT005,2023-07,11767.55,988.68,base
WT002,2023-07,18232.11,1033.62,base
WT003,2023-07,1255.05,1404.38,base
WT004,2023-07,6995.93,954.98,base
WT001,2023-07,24404.69,1123.5,base
WT002,2023-08,17811.0,1033.62,base
WT004,2023-08,6816.4800000000005,954.98,base
WT005,2023-08,11433.7,988.68,base
WT001,2023-08,23790.85,1123.5,base
WT003,2023-08,1219.1,1404.38,base
WT001,2023-09,22503.54,1123.5,base
WT005,2023-09,10839.08,988.68,base
WT004,2023-09,6437.29,954.98,base
WT003,2023-09,1152.34,1404.38,base
WT002,2023-09,16814.4,1033.62,base
WT002,2023-10,17374.64,1033.62,base
WT004,2023-10,6733.4,954.98,base
WT005,2023-10,11213.91,988.68,base
WT001,2023-10,23215.58,1123.5,base
WT003,2023-10,1186.08,1404.38,base
WT001,2023-11,23173.2,1123.5,base
WT003,2023-11,1192.46,1404.38,base
WT004,2023-11,6648.12,954.98,base
WT005,2023-11,11194.63,988.68,base
WT002,2023-11,17293.26,1033.62,base
WT005,2023-12,11882.38,988.68,base
WT001,2023-12,24661.88,1123.5,base
WT003,2023-12,1259.96,1404.38,base
WT004,2023-12,7046.8,954.98,base
WT002,2023-12,18417.34,1033.62,base
WT002,2024-01,19332.29,927.36,base
WT003,2024-01,1333.68,1260.0,base
WT004,2024-01,7431.49,856.8,base
WT001,2024-01,25862.47,1008.0,base
WT005,2024-01,12471.74,887.04,base
WT003,2024-02,1285.29,1260.0,base
WT001,2024-02,25171.11,1008.0,base
WT004,2024-02,7229.7,856.8,base
WT005,2024-02,12109.27,887.04,base
WT002,2024-02,18842.56,927.36,base
WT003,2024-03,1570.67,1260.0,base
WT001,2024-03,33513.58,1008.0,base
WT002,2024-03,24950.01,927.36,base
WT005,2024-03,17101.35,887.04,base
WT004,2024-03,9738.14,856.8,base
WT001,2024-04,29243.74,1008.0,base
WT005,2024-04,14511.35,887.04,base
WT002,2024-04,21820.03,927.36,base
WT004,2024-04,8462.24,856.8,base
WT003,2024-04,1429.27,1260.0,base
WT001,2024-05,26995.9,1008.0,base
WT002,2024-05,20182.24,927.36,base
WT004,2024-05,7704.96,856.8,base
WT005,2024-05,12980.4,887.04,base
WT003,2024-05,1375.53,1260.0,base
WT005,2024-06,15177.2,887.04,base
WT001,2024-06,31348.1,1008.0,base
WT002,2024-06,23186.25,927.36,base
WT004,2024-06,9396.02,856.8,base
WT003,2024-06,1625.7,1260.0,base
WT003,2024-07,1301.67,1260.0,base
WT002,2024-07,18826.62,927.36,base
WT004,2024-07,7225.93,856.8,base
WT001,2024-07,25201.62,1008.0,base
WT005,2024-07,12154.38,887.04,base
WT002,2024-08,17939.74,927.36,base
WT003,2024-08,1241.4,1260.0,base
WT001,2024-08,24083.38,1008.0,base
WT004,2024-08,6880.55,856.8,base
WT005,2024-08,11646.99,887.04,base
WT004,2024-09,6580.2,856.8,base
WT001,2024-09,23111.87,1008.0,base
WT002,2024-09,17222.3,927.36,base
WT003,2024-09,1183.16,1260.0,base
WT005,2024-09,11155.84,887.04,base
WT002,2024-10,17839.29,927.36,base
WT001,2024-10,23854.16,1008.0,base
WT005,2024-10,11488.09,887.04,base
WT004,2024-10,6845.47,856.8,base
WT003,2024-10,1216.57,1260.0,base
WT004,2024-11,6731.18,856.8,base
WT002,2024-11,17536.82,927.36,base
WT003,2024-11,1206.79,1260.0,base
WT001,2024-11,23468.27,1008.0,base
WT005,2024-11,11314.41,887.04,base
WT002,2024-12,18986.8,927.36,base
WT005,2024-12,12284.67,887.04,base
WT004,2024-12,7277.94,856.8,base
WT001,2024-12,25450.77,1008.0,base
WT003,2024-12,1301.98,1260.0,base
WT002,2025-01,19849.35,966.0,base
WT004,2025-01,7599.12,892.5,base
WT005,2025-01,12760.29,924.0,base
WT001,2025-01,26529.41,1050.0,base
WT003,2025-01,1364.32,1312.5,base
WT001,2025-02,24723.19,1050.0,base
WT002,2025-02,18473.4,966.0,base
WT005,2025-02,11939.67,924.0,base
WT004,2025-02,7119.56,892.5,base
WT003,2025-02,1279.85,1312.5,base
WT005,2025-03,19156.38,924.0,base
WT004,2025-03,10699.36,892.5,base
WT003,2025-03,1680.75,1312.5,base
WT001,2025-03,36833.71,1050.0,base
WT002,2025-03,27324.03,966.0,base
WT003,2025-04,1390.17,1312.5,base
WT004,2025-04,7834.36,892.5,base
WT002,2025-04,20325.9,966.0,base
WT005,2025-04,13101.1,924.0,base
WT001,2025-04,27168.24,1050.0,base
WT002,2025-05,20696.42,966.0,base
WT004,2025-05,7967.83,892.5,base
WT003,2025-05,1403.01,1312.5,base
WT001,2025-05,27657.46,1050.0,base
WT005,2025-05,13326.34,924.0,base
WT003,2025-06,1682.78,1312.5,base
WT005,2025-06,15640.12,924.0,base
WT004,2025-06,9628.2,892.5,base
WT002,2025-06,23795.52,966.0,base
WT001,2025-06,32245.91,1050.0,base
WT002,2025-07,19270.45,966.0,base
WT001,2025-07,25791.27,1050.0,base
WT003,2025-07,1324.55,1312.5,base
WT005,2025-07,12445.98,924.0,base
WT004,2025-07,7412.98,892.5,base
WT002,2025-08,18328.97,966.0,base
WT003,2025-08,1279.74,1312.5,base
WT005,2025-08,11838.64,924.0,base
WT001,2025-08,24526.3,1050.0,base
WT004,2025-08,7055.23,892.5,base
WT002,2025-09,17735.94,966.0,base
WT001,2025-09,23771.48,1050.0,base
WT004,2025-09,6784.41,892.5,base
WT005,2025-09,11463.34,924.0,base
WT003,2025-09,1212.52,1312.5,base
WT002,2025-10,18160.99,966.0,base
WT004,2025-10,7002.94,892.5,base
WT003,2025-10,1236.28,1312.5,base
WT005,2025-10,11747.09,924.0,base
WT001,2025-10,24315.25,1050.0,base
WT004,2025-11,6918.42,892.5,base
WT005,2025-11,11621.12,924.0,base
WT003,2025-11,1224.52,1312.5,base
WT002,2025-11,18032.83,966.0,base
WT001,2025-11,24122.97,1050.0,base
WT003,2025-12,1340.34,1312.5,base
WT004,2025-12,7458.28,892.5,base
WT002,2025-12,19467.77,966.0,base
WT005,2025-12,12489.87,924.0,base
WT001,2025-12,25990.44,1050.0,base
WT004,2026-01,7770.26,910.35,base
WT002,2026-01,20139.69,985.32,base
WT003,2026-01,1381.01,1338.75,base
WT005,2026-01,12987.64,942.48,base
WT001,2026-01,26920.64,1071.0,base
WT003,2026-02,11794.48,1338.75,base
WT005,2026-02,126327.45,942.48,base
WT002,2026-02,186193.3,985.32,base
WT004,2026-02,71638.12,910.35,base
WT001,2026-02,250107.27,1071.0,base
WT005,2026-03,250042.96,942.48,base
WT004,2026-03,140484.67,910.35,base
WT003,2026-03,23671.16,1338.75,base
WT002,2026-03,374577.7,985.32,base
WT001,2026-03,502208.51,1071.0,base
WT005,2026-04,256348.14,942.48,base
WT001,2026-04,546357.21,1071.0,base
WT002,2026-04,409870.63,985.32,base
WT003,2026-04,27514.49,1338.75,base
WT004,2026-04,148067.67,910.35,base
WT003,2026-05,31184.08,1338.75,base
WT005,2026-05,289686.93,942.48,base
WT001,2026-05,622290.05,1071.0,base
WT002,2026-05,463216.6,985.32,base
WT004,2026-05,171497.42,910.35,base
WT002,2026-06,496315.95,985.32,base
WT005,2026-06,304336.17,942.48,base
WT001,2026-06,660002.57,1071.0,base
WT003,2026-06,32841.76,1338.75,base
WT004,2026-06,172296.9,910.35,base
WT004,2026-07,190558.64,910.35,base
WT002,2026-07,557523.23,985.32,base
WT005,2026-07,339274.58,942.48,base
WT003,2026-07,36688.93,1338.75,base
WT001,2026-07,740719.66,1071.0,base
WT004,2026-08,203282.21,910.35,base
WT002,2026-08,602918.84,985.32,base
WT003,2026-08,39486.49,1338.75,base
WT005,2026-08,364474.84,942.48,base
WT001,2026-08,800398.85,1071.0,base
WT003,2026-09,40876.39,1338.75,base
WT001,2026-09,831402.3099999999,1071.0,base
WT002,2026-09,626692.51,985.32,base
WT005,2026-09,376711.74,942.48,base
WT004,2026-09,208839.39,910.35,base
WT005,2026-10,414062.62,942.48,base
WT003,2026-10,44991.36,1338.75,base
WT001,2026-10,917832.48,1071.0,base
WT004,2026-10,228319.17,910.35,base
WT002,2026-10,692245.78,985.32,base
WT003,2026-11,46203.68,1338.75,base
WT001,2026-11,945047.51,1071.0,base
WT002,2026-11,713137.98,985.32,base
WT004,2026-11,233068.55,910.35,base
WT005,2026-11,424699.78,942.48,base
WT003,2026-12,50496.25,1338.75,base
WT002,2026-12,781572.64,985.32,base
WT005,2026-12,463650.28,942.48,base
WT001,2026-12,1035266.09,1071.0,base
WT004,2026-12,253356.06,910.35,base
WT004,2027-01,266079.72,892.5,base
WT005,2027-01,488850.6,924.0,base
WT001,2027-01,1094945.35,1050.0,base
WT002,2027-01,826968.1,966.0,base
WT003,2027-01,53293.8,1312.5,base
WT001,2027-02,44584.6,1050.0,base
WT005,2027-02,22341.62,924.0,base
WT004,2027-02,11733.29,892.5,base
WT003,2027-02,1951.47,1312.5,base
WT002,2027-02,33283.08,966.0,base
WT005,2027-03,30233.41,924.0,base
WT004,2027-03,16672.71,892.5,base
WT002,2027-03,47963.17,966.0,base
WT003,2027-03,3056.37,1312.5,base
WT001,2027-03,63915.12,1050.0,base
WT005,2027-04,26264.27,924.0,base
WT003,2027-04,2836.22,1312.5,base
WT002,2027-04,42940.55,966.0,base
WT001,2027-04,57085.21,1050.0,base
WT004,2027-04,14830.27,892.5,base
WT001,2027-05,72049.27,1050.0,base
WT003,2027-05,3585.29,1312.5,base
WT004,2027-05,19418.95,892.5,base
WT002,2027-05,53721.13,966.0,base
WT005,2027-05,33200.62,924.0,base
WT002,2027-06,40882.71,966.0,base
WT005,2027-06,25005.59,924.0,base
WT001,2027-06,54349.51,1050.0,base
WT004,2027-06,14119.58,892.5,base
WT003,2027-06,2700.33,1312.5,base
WT004,2027-07,14001.32,892.5,base
WT005,2027-07,24796.11,924.0,base
WT003,2027-07,2677.66,1312.5,base
WT002,2027-07,40540.18,966.0,base
WT001,2027-07,53894.23,1050.0,base
WT003,2027-08,2583.31,1312.5,base
WT004,2027-08,13507.8,892.5,base
WT001,2027-08,51994.6,1050.0,base
WT002,2027-08,39111.3,966.0,base
WT005,2027-08,23922.2,924.0,base
WT002,2027-09,37159.82,966.0,base
WT003,2027-09,2454.38,1312.5,base
WT004,2027-09,12833.81,892.5,base
WT001,2027-09,49400.2,1050.0,base
WT005,2027-09,22728.5,924.0,base
WT002,2027-10,38291.94,966.0,base
WT001,2027-10,50905.3,1050.0,base
WT003,2027-10,2529.17,1312.5,base
WT004,2027-10,13224.82,892.5,base
WT005,2027-10,23420.98,924.0,base
WT001,2027-11,50676.65,1050.0,base
WT003,2027-11,2517.82,1312.5,base
WT004,2027-11,13165.39,892.5,base
WT002,2027-11,38119.87,966.0,base
WT005,2027-11,23315.76,924.0,base
WT004,2027-12,14153.18,892.5,base
WT003,2027-12,2706.73,1312.5,base
WT002,2027-12,40980.12,966.0,base
WT001,2027-12,54478.91,1050.0,base
WT005,2027-12,25065.170000000002,924.0,base
